N,model,train_score_avg,train_score_std,test_score_avg,test_score_std,fit_time_avg,fit_time_std,model_size_KB_avg,model_size_KB_std,train_scoring_time_avg,train_scoring_time_std,test_scoring_time_avg,test_scoreing_time_std
2,MOP(ElasticNetCV),,,,,,,,,,,,
2,MOP(KNeighborsRegressor),,,,,,,,,,,,
2,MOP(RadiusNeighborsRegressor),,,,,,,,,,,,
2,MOP(LinearSVR),-0.9967932695900148,0.0,-2.918492771415172,0.0,0.0012399639999784,0.0001704751117314,0.876953125,0.0,0.0007897935997789,9.27937498528154e-05,0.000867644200025,0.0001809002496203
2,MOP(NuSVR),0.0003936190506782,0.0,0.0005154385520518,0.0,0.0013614397999845,5.689337992825949e-05,1.8828125,0.0,0.0008658299999297,1.461114243212001e-05,0.0027453342001535,0.0001388437078425
2,MOP(SVR),0.0007871604243846,0.0,0.0010307312701877,0.0,0.0015789304000463,0.0002604091682559,1.880859375,0.0,0.0008961597998677,5.49460480040848e-05,0.003404543599936,0.0012347200230403
2,MOP(DecisionTreeRegressor),1.0,0.0,0.0370370370370369,0.0,0.0014706122001371,0.0001920679588111,1.873046875,0.0,0.0009080799999537,7.394918079350836e-05,0.0011689757999192,0.0002406515075146
2,MOP(ExtraTreeRegressor),1.0,0.0,-0.3348148148148149,0.119619595955786,0.0015152977998695,0.0002802959509283,1.8955078125,0.0,0.0009089539999877,0.0001022740058845,0.0011063681999985,0.000129953450665
2,MOP(PoissonRegressor),0.9999978957380158,0.0,-71.11395127309986,0.0,0.0061830013998587,0.0010991959988089,1.150390625,0.0,0.0014000340000166,0.0002386083802876,0.0014971599998716,0.0002908154183914
2,MOP(RANSACRegressor),1.0,0.0,0.4951417003719965,5.551115123125783e-17,0.0048127940000995,0.0002018563151044,1.3916015625,0.0,0.0010351539999646,0.0002290229235947,0.0010648738000782,0.0001239049319025
2,MOP(Lars),1.0,0.0,0.4951417003719965,5.551115123125783e-17,0.0020932057999743,0.0005848233152223,1.115234375,0.0,0.0007709980000072,4.610134857525624e-05,0.0008195200000045,5.390257844503222e-05
2,MOP(TheilSenRegressor),1.0,0.0,0.495141700371997,5.551115123125783e-17,0.0016342241999154,7.77409159564979e-05,0.8505859375,0.0,0.0007179998000538,2.8227305484572936e-05,0.0009075139998458,0.0001457227233959
2,MOP(LarsCV),,,,,,,,,,,,
2,MOP(LassoLarsCV),,,,,,,,,,,,
2,MOP(TweedieRegressor),0.7499999999999999,0.0,0.97905233166748,1.1102230246251563e-16,0.002994803799902,0.0004010857926966,1.30078125,0.0,0.0009745798000949,3.524007329337502e-05,0.0012603460000718,0.0003975846632068
2,MOP(BaggingRegressor),0.954,0.0366606055596466,0.3357777777777777,0.1554810403536876,0.0313308263999715,0.0056792971085133,11.0548828125,0.163995522042524,0.0059811813999658,0.0014021117160243,0.0072768395999446,0.0019269056261265
2,MOP(RandomForestRegressor),0.9628800000000002,0.0085075025712602,0.4657599999999999,0.037209367258756,0.1621649512000658,0.0119061670133206,86.498828125,0.6434526960626651,0.0159144776000175,0.0038460951264066,0.0185537630000908,0.0012855891132262
2,MOP(GradientBoostingRegressor),0.999999999294492,0.0,0.0371137679028927,0.0,0.0859273296001447,0.0059610891565452,100.3220703125,0.0009568319307746,0.0015557135999188,0.0001206663783954,0.003968137800075,0.0002835571186699
2,MOP(AdaBoostRegressor),0.6,0.4898979485566356,-0.5555555555555557,0.7257747386024231,0.002985437999996,0.0001697502948637,3.9076171875,0.0688918990157768,0.0011769722000281,2.256288136116585e-05,0.0017649575999712,0.0002934397564056
2,MOP(ExtraTreesRegressor),1.0,0.0,0.8210504629629629,0.016736270007442,0.1020587470000464,0.0040797436886867,90.0615234375,0.0,0.0158975509999436,0.0026044755770418,0.0183015567999973,0.0008060527880125
2,MOP(HistGradientBoostingRegressor),0.0,0.0,0.0,0.0,0.053692255200076,0.0012646200326056,36.3119140625,0.00078125,0.0040413118000287,0.0004484008014545,0.0052465796000433,0.0005752331724652
2,MOP(SGDRegressor),0.999996827117182,1.3503845715395295e-08,0.4983156574076594,6.704116008583944e-06,0.001909871800035,0.0001408018992483,1.220703125,0.0,0.0007757459999993,7.967123613653614e-05,0.000830625799972,2.986154493818193e-05
2,MultiTaskElasticNet,0.8887997593091613,0.0,0.9803643585389912,0.0,0.0005446439999104,7.223476349788155e-05,0.58203125,0.0,0.0005525160000615,3.774868149020648e-05,0.0009122059999754,0.000170258617555
2,MOP(LinearRegression),1.0,0.0,0.4951417003719965,5.551115123125783e-17,0.0013423297999906,8.574503715562501e-05,0.724609375,0.0,0.0007210037999357,1.872866968405871e-05,0.0008759697999266,0.0001767843639784
2,MOP(ARDRegression),1.0,0.0,0.495141700372062,0.0,0.0064755017999232,0.0007809535580365,1.3642578125,0.0,0.0008696060000147,0.0001151595946279,0.0008665017999192,6.757156173884688e-05
2,MOP(BayesianRidge),2.385091508738668e-06,0.0,4.079777910837024e-06,0.0,0.0019917736000934,0.0002242447172943,1.349609375,0.0,0.0007242419999784,2.279634303475917e-05,0.0012002520000351,0.0007648938442123
2,MOP(PassiveAggressiveRegressor),0.9183798797791386,2.2839691626855592e-08,0.737641228117244,0.0001272697180876,0.0017280915998526,0.0002096741158303,1.212890625,0.0,0.0008489379999446,0.000196156508546,0.0008694878000824,8.55000627158346e-05
2,MOP(HuberRegressor),1.0,0.0,0.4951417008179984,0.0,0.0268830926000191,0.0056619516763075,0.8974609375,0.0,0.001113856000029,0.0001934654325655,0.0011443118001807,0.0003006930074125
2,MOP(LassoLarsIC),,,,,,,,,,,,
2,MOP(LassoLars),0.9999998387949824,0.0,0.4961159792646945,0.0,0.0017852338000011,7.253198204022957e-05,1.1689453125,0.0,0.0007135957998798,1.3139293701950183e-05,0.0008381241999813,0.0001280558785219
2,MOP(Lasso),0.9999998387949824,0.0,0.4961159792646945,0.0,0.0017956579999008,0.0002561611322896,0.8955078125,0.0,0.0008269457999631,6.943572941485279e-05,0.0009283340001275,9.8380625054273e-05
2,MOP(ElasticNet),0.8887997593091612,0.0,0.980364358538991,0.0,0.0019806078000328,0.0004599792415492,0.900390625,0.0,0.0008363541999642,0.00011965613398,0.0011794681999163,0.0006772872769585
2,MOP(Ridge),0.96,0.0,0.8642615084457453,1.1102230246251563e-16,0.0015832101999876,0.0001181014982444,0.763671875,0.0,0.00071853799991,2.64728913842209e-05,0.0008155720001013,1.865742512425427e-05
2,MultiTaskLasso,0.9999998387949824,0.0,0.4961159792646942,0.0,0.0006837898000412,0.0002756244589633,0.5771484375,0.0,0.0005285758001264,7.100786400454527e-05,0.0008140995998473,4.702111666730912e-05
2,RandomForestRegressor,0.8906599999999999,0.0092019780482242,0.6386718518518512,0.0157586500469811,0.0757409828000163,0.0031701743442484,60.35546875,0.7573432019804083,0.0068524195999998,0.0003288126134743,0.0102071596000314,0.0004151994379415
4,MOP(LassoLars),0.9999997098309684,0.0,0.924775582132752,1.1102230246251563e-16,0.0018111655998836,0.0001668336936366,1.1689453125,0.0,0.0007170077999944,4.5249330794423313e-05,0.0007876839998971,4.237668160145597e-05
4,MOP(ARDRegression),1.0,0.0,0.924398852716488,0.0,0.0044841320000159,0.0013390605200083,1.3642578125,0.0,0.0007996317999641,0.0001045606709415,0.0011046600000554,0.0004965435606573
4,MOP(RadiusNeighborsRegressor),0.965277777777778,1.1102230246251563e-16,0.9449435585276632,1.1102230246251563e-16,0.0014089939999394,0.0001087562273008,2.705078125,0.0,0.0020412560000295,0.0002016398110498,0.1443973081998592,0.00635737267807
4,MOP(LinearSVR),-1.776950011824903,2.336991146659261e-09,-2.8913531584034997,7.813869163062851e-06,0.0015681320000112,0.0007250142064885,0.876953125,0.0,0.0007728257998678,0.0001303986401672,0.0009677280001596,0.0001929490062798
4,MOP(NuSVR),0.0018088183451537,0.0,0.0022376355440967,0.0,0.0014615697999943,1.601372043543166e-05,2.1015625,0.0,0.000883163600065,1.8000320489302113e-05,0.0042669276000196,4.9257351145962655e-05
4,MOP(SVR),0.0027348189365547,0.0,0.003377559025054,0.0,0.0016891339999347,0.0001307598386185,2.54296875,0.0,0.0009453622000364,2.048046741259276e-05,0.0071474856000349,0.000109728423357
4,MOP(DecisionTreeRegressor),1.0,0.0,0.8580246913580247,1.1102230246251563e-16,0.001621557999897,0.0003792293275054,2.44140625,0.0,0.0010837779998837,0.0002401420242361,0.0014139181998871,0.0006116853287797
4,MOP(ExtraTreeRegressor),1.0,0.0,0.7997942386831275,0.0508222955243677,0.0013952458000858,0.0001572024330483,2.4638671875,0.0,0.00083950799999,5.188602686301498e-05,0.0009551361999911,4.658162791387666e-05
4,MOP(PoissonRegressor),0.8943944340859247,0.0,0.6722568214356784,0.0,0.0029934638000668,0.0002140653378214,1.150390625,0.0,0.0008941520000917,3.4363626956576895e-05,0.0009957397998732,1.4263187257625442e-05
4,MOP(RANSACRegressor),1.0,0.0,0.9243988527164864,0.0,0.0058662757999627,0.0011117265087162,1.4150390625,0.0,0.0009083359999749,5.340635456684664e-05,0.0012865839999903,0.0004926500134206
4,MOP(Lars),1.0,0.0,0.924398852716486,0.0,0.0018956940000862,0.0003271037943338,1.115234375,0.0,0.0007533398001214,4.7185021157659605e-05,0.0011069999999563,0.0006060540169
4,MOP(TheilSenRegressor),1.0,0.0,0.9243988551568688,0.0,0.0112576392000846,0.000979398908725,0.8525390625,0.0,0.0009840259999691,8.276377969564071e-05,0.0009155659999123,2.9207624874647685e-05
4,MOP(LarsCV),1.0,0.0,0.924398852716486,0.0,0.0063603834000787,0.0005119717712128,2.3291015625,0.0,0.0009022059999551,0.0001984461560771,0.0010084960001222,0.0001355352520421
4,MOP(LassoLarsCV),1.0,0.0,0.924398852716486,0.0,0.0064505454000936,0.0012656552794954,2.2666015625,0.0,0.0007871617999626,4.916829143496131e-05,0.0009713138000734,0.0001615886257674
4,MOP(TweedieRegressor),0.7499999999999999,0.0,0.8685780271812884,0.0,0.0029963539998789,0.0009017621140084,1.30078125,0.0,0.0009129738002229,0.0001279259095665,0.001092778200018,0.0001373813759001
4,MOP(LassoLarsIC),1.0,0.0,0.924398852716486,0.0,0.0026676798001062,6.755304469016335e-05,1.1259765625,0.0,0.0007404900000437,2.161010879928788e-05,0.0008194480000383,3.980420503256192e-05
4,MOP(ElasticNetCV),0.5764043126809019,0.0,0.6920840473261527,0.0,0.0847472213999935,0.0030561356764257,10.5966796875,0.0,0.0008931237999604,1.003003335514455e-05,0.0009016577999318,2.368758046945284e-05
4,MOP(KNeighborsRegressor),0.8800000000000001,1.1102230246251563e-16,0.9377304526748972,0.0,0.0014646401999925,0.0004839677776046,2.6796875,0.0,0.0014101142000072,0.0001595210973271,0.0047889516000395,0.0006909797978225
4,RandomForestRegressor,0.9816939999999998,0.0014566996945149,0.9056865632716048,0.0046528864868943,0.0750354580000021,0.0026876021876171,178.8359375,2.4933165668325006,0.0074964380000892,0.0018986542974182,0.0126001369999357,0.0008881673310591
4,MultiTaskLasso,0.9999997098309684,0.0,0.924775582132752,0.0,0.0007270602000971,0.0003939392601038,0.5771484375,0.0,0.0005730458000471,0.0001378677759559,0.0011334119999446,0.0005022239603042
4,MultiTaskElasticNet,0.8887693007994641,1.1102230246251563e-16,0.9774226662997224,0.0,0.0005014000000301,4.4003099793857984e-05,0.58203125,0.0,0.000497919999907,3.77416465053563e-05,0.0008141959999193,0.0001120713168952
4,MOP(LinearRegression),1.0,0.0,0.924398852716486,0.0,0.0013844740001331,0.000122862164138,0.724609375,0.0,0.0007660758001293,7.579848886659664e-05,0.0008954259999882,6.133505846283132e-05
4,MOP(SGDRegressor),0.9999999719097452,3.172294511615601e-10,0.9245054201228168,4.88008715760182e-07,0.0021202121999522,0.0001138505035977,1.220703125,0.0,0.0007586401999105,3.142362935550977e-05,0.0007935818000078,2.0304185122091583e-05
4,MOP(Ridge),0.9965397923875432,0.0,0.9600163266143916,0.0,0.001553050000075,9.846089426914726e-05,0.763671875,0.0,0.0007121939998796,2.9236834766208112e-05,0.0008027400001083,1.4270592260474253e-05
4,MOP(Lasso),0.9999997098309684,0.0,0.9247755821327523,1.1102230246251563e-16,0.0017151097999885,0.00028284105722,0.8955078125,0.0,0.0007823017999726,7.923163709628656e-05,0.0009011822000502,8.470532551948865e-05
4,MOP(ElasticNet),0.8887693007994644,0.0,0.9774226662997224,0.0,0.0018681039999137,0.0005136790961895,0.900390625,0.0,0.0007941620000565,7.684788682395768e-05,0.0008644741998978,5.3317329578662895e-05
4,MOP(BayesianRidge),1.0,0.0,0.9243988527164898,0.0,0.0025132935999863,0.0002592317909175,1.349609375,0.0,0.00078320599996,2.9297136798831392e-05,0.0010321260000637,0.0004224581983073
4,MOP(PassiveAggressiveRegressor),0.9999999994173844,2.2483292772927903e-10,0.9243977524483954,7.1848647774064505e-06,0.0015966197999659,0.0001929224339052,1.2119140625,0.0,0.000752165599988,4.434370468831917e-05,0.0008315780000884,4.393900964967123e-05
4,MOP(HuberRegressor),1.0,0.0,0.9243988527216356,0.0,0.0252779606000331,0.0026233473543791,0.9208984375,0.0,0.0009919918000377,5.7527927350211135e-05,0.0009545502000037,0.000113218594992
4,MOP(GradientBoostingRegressor),0.999999999294492,0.0,0.8580433488200061,0.0,0.084381193200079,0.005828401244173,165.2859375,0.3396429902704364,0.0015251018000526,5.098208333730585e-05,0.0053121658000236,0.0005375322199626
4,MOP(AdaBoostRegressor),0.98,0.0399999999999999,0.8244032921810698,0.0672427983539094,0.0045883498000875,0.0009729029908033,5.2482421875,0.7702896702847968,0.0015795196000908,0.0003838493461926,0.0024890678000701,0.0006912398647756
4,MOP(BaggingRegressor),0.9969,0.0018547236990991,0.8736507613168725,0.0096671899996214,0.0255347704000996,0.0009029602345707,18.1166015625,0.4320644483176091,0.0044698140000036,0.00067091585493,0.0049675117999868,0.0004456863558922
4,MOP(RandomForestRegressor),0.9995535,0.0001184862861262,0.868965611111111,0.0027479565097398,0.1541723520001142,0.0053432510354832,157.5189453125,1.2596735068064264,0.0140267753999978,0.0009937843572245,0.0183157210000899,0.0002336787164838
4,MOP(ExtraTreesRegressor),1.0,0.0,0.9561048127572016,0.0017377950247521,0.1040342704000977,0.0032691721745078,154.528125,1.4543643908078885,0.0143211295999208,0.0007373895957972,0.0195571389998804,0.0005861488596503
4,MOP(HistGradientBoostingRegressor),0.0,0.0,0.0,0.0,0.0551689530000658,0.0019409204547182,36.3740234375,0.0006176323555016,0.0040072897996651,0.000176497300228,0.0062517978001778,0.0012097767903676
8,MOP(BayesianRidge),1.0,0.0,0.9856462253279076,0.0,0.0026313940001273,0.0005650974382789,1.349609375,0.0,0.0008082659998763,0.0001102017074418,0.0009274837999328,0.0001915883818311
8,MOP(PassiveAggressiveRegressor),0.9999999992171968,2.0117220123736143e-10,0.9856472542147596,2.1093423567558157e-06,0.0020707557996502,0.0003910890531623,1.2109375,0.0,0.0010915898001258,0.0003001738629129,0.0011775657998441,0.0004317203408709
8,MOP(RadiusNeighborsRegressor),0.9578752670131604,1.1102230246251563e-16,0.9874707152869416,1.1102230246251563e-16,0.0015611540000463,0.0001703684013212,5.966796875,0.0,0.0033996058000411,0.0001691294871457,0.1520281982000597,0.0122346015076797
8,MOP(LinearSVR),-2.214658573607496,0.0,-2.7811285294386687,0.0,0.0013794841999697,0.0003451632663029,0.876953125,0.0,0.0007784400002492,0.0001191181551378,0.0009296597996581,0.0002616925622496
8,MOP(NuSVR),0.0078104386835706,0.0,0.0086855761131044,0.0,0.0018347222001466,0.0001404358727789,3.42578125,0.0,0.0011762841997551,0.0002565683368259,0.0131003493999742,0.0002777806583647
8,MOP(SVR),0.0116732597546441,0.0,0.0129749227357582,0.0,0.0024286777997986,0.0007709946005922,5.1796875,0.0,0.00130463780024,0.000130758252391,0.0252610008001283,0.0008866705699667
8,MOP(DecisionTreeRegressor),1.0,0.0,0.968253968253968,1.1102230246251563e-16,0.0013581877999968,0.0001340364933718,4.26953125,0.0,0.0008214780002163,4.597277744989481e-05,0.0011316804000671,0.0003112063380515
8,MOP(ExtraTreeRegressor),1.0,0.0,0.9541950113378684,0.0018757234743831,0.0017505940000773,0.0005587130000881,4.0669921875,0.3279910440850481,0.0009069917998203,0.0001585513701637,0.001174699999683,0.0003832623876405
8,MOP(PoissonRegressor),0.9059964037221684,1.1102230246251563e-16,0.8590017441146462,0.0,0.003343491799751,0.000356899159189,1.150390625,0.0,0.0009327075998953,7.250842155343089e-05,0.0010745057996246,8.411065292828017e-05
8,MOP(RANSACRegressor),1.0,0.0,0.9856462253279072,0.0,0.0053577799999402,0.0007655531436392,1.5087890625,0.0,0.0010035100001914,0.0001855742313366,0.0011623175998465,0.0002020651417732
8,MOP(Lars),1.0,0.0,0.9856462253279076,0.0,0.0017669739996563,0.0001242192247432,1.115234375,0.0,0.0007613918001879,2.921740947648542e-05,0.0010413160000098,0.0004193531361566
8,MOP(TheilSenRegressor),1.0,0.0,0.9856462256122988,4.4756146354387847e-11,0.3736769227998593,0.0324918094004409,0.8525390625,0.0,0.0012209037995489,0.0001623655280213,0.001082679999854,0.0002011333751425
8,MOP(HuberRegressor),1.0,0.0,0.9856462253265644,0.0,0.0328399546000582,0.0081142305696487,1.0146484375,0.0,0.0011355857997841,0.0001820565086779,0.0010724917998231,0.0001530517681147
8,MOP(ARDRegression),1.0,0.0,0.9856462253279076,0.0,0.0039349200002106,0.0008923504393535,1.3642578125,0.0,0.0009358562003399,0.0002645334697478,0.0009319257997049,0.0001404807063962
8,MOP(LassoLars),0.999999623854959,0.0,0.9858101120174584,0.0,0.0022530700000061,0.0003631427133683,1.1689453125,0.0,0.0009410677997948,0.0001367892436875,0.0009867139999187,8.84540839926907e-05
8,MOP(LassoLarsIC),1.0,0.0,0.9856462253279076,0.0,0.0039789438000298,0.0011363775309316,1.1259765625,0.0,0.0009847299999819,0.000148524453822,0.0014316278002297,0.0006402670524377
8,MOP(ElasticNetCV),0.6145401679126183,0.0,0.6688507258638343,0.0,0.0861256133999631,0.0031776518214426,10.5966796875,0.0,0.0009083498000109,2.9188436177951023e-05,0.0009397817997523,4.7918602553228366e-05
8,MOP(KNeighborsRegressor),0.988095238095238,0.0,0.9873100907029478,0.0,0.0014701000000059,0.0002591168890165,5.94140625,0.0,0.0018500559999665,0.0005681093899889,0.0074340535998999,0.0004962062347338
8,MOP(AdaBoostRegressor),1.0,0.0,0.968253968253968,1.1102230246251563e-16,0.0394693657999596,0.0219921384709585,43.205078125,26.051340911385925,0.0057114599998385,0.0032425687536353,0.0138830091998897,0.0086911520413264
8,MOP(ExtraTreesRegressor),1.0,0.0,0.9890061156462584,0.0004023735984588,0.1064337344001614,0.0019811186846022,314.8037109375,2.3983610756095555,0.0166949391999878,0.0039118161343838,0.0237302847997852,0.0017495081823603
8,MOP(HistGradientBoostingRegressor),0.9047618602142018,0.0,0.8760964960728099,0.0,0.0738561541998933,0.0030138880060238,58.3740234375,0.0008734640537108,0.00386825580008,0.0003333389297171,0.0196748347998436,0.0011550932431628
8,MOP(LinearRegression),1.0,0.0,0.9856462253279072,0.0,0.0016393120000429,0.0003683282547046,0.724609375,0.0,0.0007785840001815,8.629605035822984e-05,0.0008631939999759,6.588623157631718e-05
8,MOP(SGDRegressor),0.9999999849391072,3.9263334327015356e-10,0.9856781561864498,3.216234403525237e-07,0.002905353800088,0.0006112574645195,1.21875,0.0,0.0008767321998675,6.58883864835334e-05,0.0010269758000504,0.0002101904752305
8,MOP(Ridge),0.9997633136094674,1.1102230246251563e-16,0.9894774593178848,0.0,0.0016150716000993,0.0001009533230752,0.763671875,0.0,0.0007500142000935,2.968152171977269e-05,0.0008169140002792,3.437540980786312e-05
8,MOP(Lasso),0.9999996238549592,1.1102230246251563e-16,0.9858101120174584,0.0,0.0019872501999998,0.0003935484569354,0.8955078125,0.0,0.0008973400003014,0.0001227977192401,0.0010925199998382,0.0003863615729351
8,MOP(ElasticNet),0.8887527267736008,1.1102230246251563e-16,0.9356411386960828,0.0,0.0020484456001213,0.0006052657080222,0.900390625,0.0,0.0008872680002241,7.659040110270507e-05,0.0010743860000729,0.0003732106901459
8,RandomForestRegressor,0.9947518749999998,0.0002542407400147,0.9729139296343536,0.0006154018262258,0.081793221999942,0.0075376776757533,649.23515625,6.165777261190931,0.0083988936001333,0.0026484609527657,0.0161744732002262,0.0038081212139141
8,MultiTaskLasso,0.9999996238549592,1.1102230246251563e-16,0.9858101120174584,0.0,0.000711661799869,0.0003323211117539,0.5771484375,0.0,0.0005713920001653,0.0001207667966748,0.0011270320001131,0.0006942541189816
8,MOP(LarsCV),1.0,0.0,0.9856462253279076,0.0,0.0059902997998506,0.0004263743673309,2.3291015625,0.0,0.0007648697999684,2.799865855665657e-05,0.0008297037999,2.339811796643321e-05
8,MOP(LassoLarsCV),1.0,0.0,0.9856462253279076,0.0,0.0057643800000732,0.0001036124467833,2.2666015625,0.0,0.0007750419998046,2.8735918425276587e-05,0.0008234560000346,1.378027645100482e-05
8,MOP(TweedieRegressor),0.7500000000000001,0.0,0.8063151761560172,1.1102230246251563e-16,0.0033774762001485,0.0014490669115249,1.30078125,0.0,0.0009605876000932,0.0001018399925357,0.0014386881999598,0.0006145465541098
8,MOP(BaggingRegressor),0.9999523809523808,9.523809523810378e-05,0.9681602418745274,0.0001874527588813,0.0267269405998376,0.0013838385394485,31.6166015625,0.900878477515142,0.0041352439999172,0.0001892169278431,0.0051930197998444,0.0002352136897874
8,MOP(RandomForestRegressor),0.9999988095238096,1.3041013273960046e-06,0.9683035903250188,4.478963999600725e-05,0.1608545676001085,0.0057510566921543,288.8240234375,1.6457331193118767,0.0135221915999864,0.0007711783915542,0.0211679728001399,0.0006851591073891
8,MOP(GradientBoostingRegressor),0.999999999294492,0.0,0.9682615563403943,0.0,0.0859046780000426,0.0032601272515496,265.091015625,0.0009568319307746,0.0017895481996674,0.0003316026968126,0.0062527534000764,0.0003595098203186
8,MultiTaskElasticNet,0.8887527267736006,0.0,0.9356411386960826,0.0,0.0005215680001128,6.892681914425519e-05,0.58203125,0.0,0.000515636000091,2.8679461689644e-05,0.0007564976000139,3.2864201164476e-05
10,MOP(Lasso),0.9999996043149568,1.1102230246251563e-16,0.9916968347436624,1.1102230246251563e-16,0.0019464697998046,0.0003115532934517,0.8955078125,0.0,0.0009040696002557,0.0001346183055984,0.0011396639998565,0.0003507531086442
10,MOP(Ridge),0.9999019703950596,1.1102230246251563e-16,0.9934393805134883,0.0,0.0017109216003518,6.301115751268104e-05,0.763671875,0.0,0.0007665198003451,8.119552812358458e-05,0.0008976221999546,0.0001850646293041
10,MOP(RadiusNeighborsRegressor),0.9696969696969696,0.0,0.985817863454382,0.0,0.0015040718000818,0.0001594211012259,8.216796875,0.0,0.0045199320000392,0.0007774185937405,0.1576484117998916,0.0139054325347141
10,MOP(LinearSVR),-2.260610553787671,0.0,-2.698693428970037,0.0,0.0017139436000434,0.0009296455823609,0.876953125,0.0,0.0008562360002542,0.0001108376333795,0.0010221219999948,0.0001916835551177
10,MOP(NuSVR),0.0119977225955256,0.0,0.0130380886073978,0.0,0.0019682138001371,7.93597648242696e-05,4.51953125,0.0,0.0012249658000655,4.024965691383307e-05,0.0199341232000733,0.0001719586457958
10,MOP(SVR),0.018542298977301,0.0,0.020145515138241,0.0,0.0026248718002534,0.0006654475105891,7.1484375,0.0,0.0019033134001801,0.0006857010568767,0.0381108879999374,0.0014563039033733
10,MOP(DecisionTreeRegressor),1.0,0.0,0.98079561042524,0.0,0.0013829659998009,0.0001567407758616,6.7755859375,0.1052341140030171,0.0008150179997755,4.104813019650328e-05,0.0009650080000938,4.029703129066271e-05
10,MOP(ExtraTreeRegressor),1.0,0.0,0.9718930041152264,0.0029434746799628,0.0019260657998529,0.0006670856197913,6.659765625,0.2077923069371569,0.0009729821998917,0.0002071952990596,0.0011710881999533,0.0002451697275666
10,MOP(PoissonRegressor),0.9095882442112668,0.0,0.8790279924739837,0.0,0.002836673800084,0.0001697308645804,1.150390625,0.0,0.000819021999996,1.3763196413949158e-05,0.000955371999953,2.587819251631978e-05
10,MOP(ElasticNet),0.8887492337712379,0.0,0.925821723777909,0.0,0.0018869599996833,0.0005865600278194,0.900390625,0.0,0.0008018779999474,0.0001044387104098,0.0009635260001232,0.0002811528211005
10,MOP(BayesianRidge),1.0,0.0,0.9915713595092412,0.0,0.0020693837996077,7.386884826575831e-05,1.349609375,0.0,0.0006942440000784,1.5555185185855876e-05,0.0008383997997952,0.0001302136770596
10,MOP(PassiveAggressiveRegressor),0.999999999256687,8.607208213670724e-11,0.9915716439046488,1.808452696490512e-06,0.0016369560002203,0.0001181201178187,1.2109375,0.0,0.0007816479997927,8.028662321011364e-05,0.0008918080000512,0.0001566946449675
10,MOP(HuberRegressor),1.0,0.0,0.991571359509542,1.1102230246251563e-16,0.026338198799749,0.0010255265148551,1.0849609375,0.0,0.0009841658000368,4.2096769958203794e-05,0.0010049635999166,0.0001445482793515
10,MOP(ARDRegression),1.0,0.0,0.9915713595092412,1.1102230246251563e-16,0.0036986416002037,0.0009675590376238,1.3642578125,0.0,0.0007525397997596,2.707760040908084e-05,0.0007989639996594,3.15071832729354e-05
10,MOP(LassoLars),0.9999996043149568,1.1102230246251563e-16,0.9916968347436624,0.0,0.0018691178000153,0.0001536956341644,1.1689453125,0.0,0.0007604698002978,3.459150540728811e-05,0.0008437019998382,5.4668071977672994e-05
10,MOP(LassoLarsIC),1.0,0.0,0.9915713595092412,0.0,0.0027216436001253,0.0001356325325853,1.1259765625,0.0,0.0007211621999886,1.580451417905549e-05,0.0008396857998377,0.0001062092606509
10,MOP(ElasticNetCV),0.6219170059091423,0.0,0.6641244385425042,0.0,0.0835587655999916,0.0014994160627018,10.5966796875,0.0,0.0009173578000627,2.919028659410136e-05,0.000876333999804,2.980337392564153e-05
10,MOP(KNeighborsRegressor),0.9941818181818182,0.0,0.9921819844535892,0.0,0.0015156535999267,0.0002156084238163,8.19140625,0.0,0.0018215439999039,0.0004432806625156,0.0099320836001425,0.0007909844154704
10,RandomForestRegressor,0.9973676969696972,0.0001043881082067,0.9831283134887974,0.0002317040372132,0.0839795013998809,0.0062012511233607,1014.40234375,5.681143425843076,0.0091631555998901,0.0023618805054004,0.0150820136001129,0.0006454825061043
10,MultiTaskLasso,0.9999996043149568,1.1102230246251563e-16,0.9916968347436628,0.0,0.0007563319999462,0.0003133790416365,0.5771484375,0.0,0.0006159880000268,0.0001168975246891,0.0011061940000217,0.0006015085525632
10,MultiTaskElasticNet,0.8887492337712379,1.1102230246251563e-16,0.9258217237779084,0.0,0.0005011119999835,3.28447381754436e-05,0.58203125,0.0,0.0004984061999493,3.132585743890269e-05,0.0007279440002093,1.809555059055226e-05
10,MOP(LinearRegression),1.0,0.0,0.9915713595092412,0.0,0.0013753740002357,0.0001075116408282,0.724609375,0.0,0.0007270040001458,4.97893938369962e-05,0.0008510397999998,0.0001571312499315
10,MOP(SGDRegressor),0.9999999872336024,2.2271336689715864e-10,0.99159368809511,1.590855426974587e-07,0.0022331377998852,7.999364284157278e-05,1.21875,0.0,0.0007505556000978,3.6455745197832094e-05,0.0008149000001139,3.197276264043411e-05
10,MOP(TweedieRegressor),0.7499999999999969,0.0,0.7937966536915176,0.0,0.0025939797997125,0.0001693755419904,1.30078125,0.0,0.0009233377999407,2.140831128578778e-05,0.0009770039998329,5.945759401898361e-05
10,MOP(LassoLarsCV),1.0,0.0,0.9915713595092412,0.0,0.0069154455999523,0.0014945871332072,2.1728515625,0.0,0.0008320482000272,5.221593160256211e-05,0.000910424200083,0.0001192558886192
10,MOP(HistGradientBoostingRegressor),0.9878787864949008,0.0,0.9689149602330778,0.0,0.095429932800107,0.002924060082716,112.406640625,0.0004784159653873,0.0039959498002644,0.0003711931088462,0.0235320910000155,0.001174628119322
10,MOP(ExtraTreesRegressor),1.0,0.0,0.9929488664837678,0.0002088754402528,0.1089476885999829,0.0042213328329815,557.1392578125,4.210420406490265,0.0157381392000388,0.0018237445637409,0.0252156586000637,0.0002072403852173
10,MOP(AdaBoostRegressor),1.0,0.0,0.98079561042524,0.0,0.1107046820001414,0.0045279365522985,130.2888671875,0.4739709247411701,0.0142387796000548,0.0007969611601937,0.0376962001999345,0.0007045727784015
10,MOP(GradientBoostingRegressor),0.9999999990931532,5.163124398766336e-13,0.9808019558241124,1.643115030857904e-09,0.0875276492000921,0.0043347068473303,265.091015625,0.0009568319307746,0.0016534160000446,9.071469133759076e-05,0.0064045799999803,0.0011217738746963
10,MOP(RandomForestRegressor),1.0,0.0,0.98079561042524,0.0,0.1667099150001377,0.0138901173501579,432.107421875,3.855156623241354,0.0130497316000401,0.0002599665344401,0.0230753367999568,0.0013702379051281
10,MOP(BaggingRegressor),1.0,0.0,0.98079561042524,0.0,0.0274749768002948,0.0025172963194299,45.6029296875,1.9783608535527883,0.0041424155999266,0.0003775967283312,0.0052712799999426,0.0003342308444879
10,MOP(Lars),1.0,0.0,0.9915713595092412,0.0,0.0020489058002567,0.0003589154509019,1.115234375,0.0,0.0008531679999578,0.0001470105419462,0.001050481799939,0.0002469173231793
10,MOP(RANSACRegressor),1.0,0.0,0.9915713595092412,0.0,0.0052583056000003,0.000430332318328,1.5791015625,0.0,0.0008695819999047,2.0787425312524283e-05,0.0013409499999397,0.0003809229815763
10,MOP(LarsCV),1.0,0.0,0.9915713595092412,0.0,0.0066494736001914,0.0006872649111113,2.2353515625,0.0,0.0008146538000801,2.083251383043194e-05,0.0010882918000788,0.0003679862831213
10,MOP(TheilSenRegressor),1.0,0.0,0.991571359548961,3.1446383299045054e-12,0.3704055207997953,0.0313323976247995,0.8525390625,0.0,0.0011363682000592,7.206718437580767e-05,0.0009401819999766,6.313850583863929e-05
50,MultiTaskLasso,0.9999995353502434,1.1102230246251563e-16,0.9999531544020318,1.1102230246251563e-16,0.0008483342002364,0.0004835836316277,0.5771484375,0.0,0.0007232837999254,0.0001447264285793,0.0008268937997854,6.938040165337095e-05
50,RandomForestRegressor,0.9999479898391356,1.2589429546446868e-06,0.9995622350019088,1.8633464222744688e-06,0.2919507550001071,0.0049411509110604,24706.671875,14.694280349850414,0.0355995504001839,0.0004929122627606,0.0507429314000546,0.00175628582359
50,MultiTaskElasticNet,0.8887375479823622,1.1102230246251563e-16,0.8920602691633277,0.0,0.0005756537999332,7.3344746003953e-05,0.58203125,0.0,0.000609551799971,4.170710833108554e-05,0.0007750344000669,2.5825354321683336e-05
50,MOP(LinearRegression),1.0,0.0,0.9999432956839024,0.0,0.0015571397998428,0.0001237313124633,0.724609375,0.0,0.0007869180000852,3.5652190477892773e-05,0.0008203361998312,2.928092153305852e-05
50,MOP(NuSVR),0.3028940587610838,0.0,0.3049192202589895,0.0,0.1902486582002893,0.0022535431660492,70.1689453125,0.0,0.1753782529998716,0.0033213241092673,0.4466120608001802,0.0077320114037112
50,MOP(SVR),0.4306954906956369,0.0,0.4333724411846124,0.0,0.275054469799943,0.0027257772388679,138.42578125,0.0,0.3471208519997162,0.0012222636552372,0.894687227599934,0.0082629154578323
50,MOP(SGDRegressor),0.9999999900203608,6.563324189352059e-11,0.9999448012761876,4.884527174226035e-09,0.0042779076000442,0.0001739908901306,1.21875,0.0,0.0009018654000101,5.483054846442015e-05,0.0008738882001125,2.637146569308932e-05
50,MOP(Ridge),0.9999998401279232,0.0,0.9999492005130828,1.1102230246251563e-16,0.001698746400325,8.912240611080822e-05,0.763671875,0.0,0.0007954379998409,3.0468630780328317e-05,0.0008301497997308,1.482625752057562e-05
50,MOP(Lasso),0.9999995353502434,1.1102230246251563e-16,0.9999531544020318,1.1102230246251563e-16,0.0027745800001866,0.0017210831155269,0.8955078125,0.0,0.0009279019999667,0.0002107462916065,0.0009079662000658,8.139409917459993e-05
50,MOP(ElasticNet),0.8887375479823632,0.0,0.8920602691633295,0.0,0.001843175599788,0.0002011967123809,0.900390625,0.0,0.0008373139995455,8.488913940130199e-05,0.0010530019995712,0.0003594359925523
50,MOP(BayesianRidge),1.0,0.0,0.9999432956839024,0.0,0.0022620157995334,0.0001521747819305,1.349609375,0.0,0.0008230100000218,6.256975533008276e-05,0.0008165840001311,3.8886654445933325e-05
50,MOP(PassiveAggressiveRegressor),0.9999999989385356,3.6376222999327776e-10,0.999943180803946,7.719148118216749e-08,0.0025662977996034,0.000267602151776,1.2109375,0.0,0.0008205862000977,2.936897759894268e-05,0.0008363299997654,1.3043885259964125e-05
50,MOP(HuberRegressor),1.0,0.0,0.999943295683878,0.0,0.0385050362001493,0.0017975747862663,5.7802734375,0.0,0.0011322580001433,9.353191388357256e-05,0.0009268320001865,4.715392872145569e-05
50,MOP(ARDRegression),1.0,0.0,0.9999432956839024,0.0,0.0037326194002162,0.0010503431706261,1.3642578125,0.0,0.0009439977999136,0.0002105801511946,0.0009440921998248,0.0001959440262609
50,MOP(LassoLars),0.9999995353502434,1.1102230246251563e-16,0.9999531544020318,1.1102230246251563e-16,0.002172209800301,0.0004629321067275,1.1689453125,0.0,0.0008190661998014,5.1640443364176434e-05,0.0012727317998724,0.0006043077583552
50,MOP(LassoLarsIC),1.0,0.0,0.9999432956839024,0.0,0.0032830218000526,0.0002262484897466,1.1259765625,0.0,0.0008020834002309,2.70216938824752e-05,0.0008316159997775,2.267048243145849e-05
50,MOP(ElasticNetCV),0.6451119501542826,0.0,0.6487279463604008,0.0,0.0919629731999521,0.0039569205771325,10.5966796875,0.0,0.0011037878000934,0.0002087587139209,0.0010176339999816,0.0002144841412718
50,MOP(KNeighborsRegressor),0.9999600480192076,0.0,0.9998820090394434,0.0,0.0030935217999285,0.0007214449214656,173.728515625,0.0,0.0081270075999782,0.0002295793326912,0.0176018770000155,0.0004931200261695
50,MOP(RadiusNeighborsRegressor),0.968657089914449,0.0,0.9712606358647004,0.0,0.0033229576001758,0.0003288254792781,173.75390625,0.0,0.1164763182001479,0.0027657032628217,0.2921315624000272,0.0028375713728964
50,MOP(LinearSVR),0.6917366565980612,2.8522145930998397e-16,0.6921600484917596,9.592660417915313e-13,0.0021160658001463,0.0004605841401528,0.876953125,0.0,0.0008053759996982,8.148212286039694e-05,0.0008100639999611,9.840830957172487e-05
50,MOP(ExtraTreesRegressor),1.0,0.0,0.9999403499776328,1.1574569498527114e-06,0.1778796788003092,0.0014398973701185,2590.1474609375,10.774083098942796,0.0232039947997691,0.0008946712896822,0.0335243961999367,0.0011100836250342
50,MOP(AdaBoostRegressor),0.9844837658087984,3.350725200204911e-05,0.9840206587140402,6.21670101291974e-05,0.0116450194000208,0.0041876252119281,6.4263671875,1.0254394705627856,0.002110642000116,0.0004582652364701,0.0023227355999551,0.000424597027516
50,MOP(GradientBoostingRegressor),0.9999998989186436,1.7098591151528293e-08,0.9995380022326036,7.490531551269182e-08,0.2174704950000887,0.0026134267285222,262.475390625,0.3829731008779777,0.0035323517999131,9.37720711951266e-05,0.0065446775999589,0.0012056862052829
50,MOP(RandomForestRegressor),1.0,0.0,0.9995372298579296,0.0,0.3511280218001048,0.0080666627303035,2503.21484375,13.350576072579289,0.0205528909998975,0.0005591857154626,0.0285263626003143,0.0010745505883644
50,MOP(BaggingRegressor),1.0,0.0,0.9995372298579296,0.0,0.0475206891998823,0.0015600893327004,254.79296875,1.792072386233324,0.0053066059996126,0.0007952800702416,0.005887839800016,0.0003162880757371
50,MOP(TweedieRegressor),0.7499999999999905,0.0,0.7537509373355169,0.0,0.0034241581999594,0.0010948787571602,1.30078125,0.0,0.0010780398000861,0.0001420956549649,0.0010050276001493,0.0001052576554438
50,MOP(LassoLarsCV),1.0,0.0,0.9999432956839024,0.0,0.00833253339988,0.0005641122096648,2.2666015625,0.0,0.0009659162002208,8.135916591126608e-05,0.0011360741998942,0.000423237807568
50,MOP(LarsCV),1.0,0.0,0.9999432956839024,0.0,0.0088686573999439,0.0012379283326049,2.3291015625,0.0,0.001051759800066,0.0002177730515456,0.0009456935998969,0.0001136169505535
50,MOP(TheilSenRegressor),1.0,0.0,0.99994329568418,4.946164289737716e-13,1.0456365273998016,0.0116050981076401,0.8525390625,0.0,0.0011349040001732,5.3699749511374496e-05,0.000907126200218,1.812122347684133e-05
50,MOP(Lars),1.0,0.0,0.9999432956839024,0.0,0.0017827956000473,0.0001506946657718,1.115234375,0.0,0.0007871657999203,2.1169518427301976e-05,0.0008203159999538,5.104536574730663e-05
50,MOP(RANSACRegressor),1.0,0.0,0.9999432956839024,0.0,0.0064679834000344,0.0011268793948514,6.2744140625,0.0,0.0009730859997944,4.005900374404456e-05,0.0012431477998688,0.0005386146536304
50,MOP(PoissonRegressor),0.9222546810774886,1.1102230246251563e-16,0.9209544653658644,0.0,0.0036857638002402,0.0004446522345177,1.150390625,0.0,0.0010931875998721,0.0001106255316362,0.0011932180001167,0.0002434374768463
50,MOP(ExtraTreeRegressor),1.0,0.0,0.9992047295108518,2.4070226751084545e-05,0.0024120739999489,0.0002119790603289,25.9822265625,0.4017053491055353,0.0010884081999392,0.0001286961294137,0.0011721998003849,8.669179665978868e-05
50,MOP(DecisionTreeRegressor),1.0,0.0,0.9995372298579296,0.0,0.0046012997998332,0.0003058851193577,41.2064453125,0.45870486835219,0.0011903597998752,6.178368113507514e-05,0.0013515179998648,0.000285081800586
50,MOP(HistGradientBoostingRegressor),0.9999999992793172,0.0,0.9995376833453788,1.1102230246251563e-16,0.4805940752001333,0.0141554693264203,694.746875,0.0009568319307746,0.0149345094001546,0.0007962310999648,0.031390358399949,0.0004114504570253
100,MOP(Lars),1.0,0.0,0.9999937640193368,1.1102230246251563e-16,0.0028802734001146,0.0008949652478771,1.115234375,0.0,0.0013584739999714,0.0005056008154132,0.0010710816002756,0.0002989885775439
100,MOP(RANSACRegressor),1.0,0.0,0.9999937640193368,1.1102230246251563e-16,0.0069802478003111,0.000319286906694,20.9228515625,0.0,0.0010854458001631,5.633587572101046e-05,0.0011782101999415,0.0003617785842709
100,MOP(LinearSVR),1.0,0.0,0.9999937640193368,1.790180836524724e-16,0.0036614698001358,0.0006778063890221,0.876953125,0.0,0.0009607979998691,8.816386169609565e-05,0.0008431297999777,4.461252986443508e-05
100,MOP(NuSVR),0.8491729151527554,0.0,0.8481754962908019,0.0,2.823781040999711,0.0451073938757441,275.255859375,0.0,2.822326671200062,0.067277478380805,1.779090163399451,0.0159286690839952
100,MOP(ExtraTreeRegressor),1.0,0.0,0.999785055946672,1.565823380605368e-05,0.005203727600201,0.0010179383493783,59.1755859375,3.0955392553236987,0.0014600478001739,0.000177398752988,0.0012049361996105,6.932609237086061e-05
100,MOP(PoissonRegressor),0.9239098374904472,0.0,0.92429727538208,0.0,0.0056619055998453,0.0006246543291811,1.150390625,0.0,0.00163371560011,0.0002613416961448,0.0014924102000804,0.0003757548518697
100,MOP(SVR),0.8794339489653581,1.1102230246251563e-16,0.8785129367041609,0.0,4.55322005500002,0.0363196747872487,548.435546875,0.0,5.577273981999861,0.0326389752712521,3.5747434222002994,0.0348044320105115
100,MOP(DecisionTreeRegressor),1.0,0.0,0.9999017484988304,0.0,0.0162563276000582,0.0008829315565759,103.1775390625,2.1222730664902665,0.0017051279999577,6.0172227743789945e-05,0.0012435421998816,2.7474809461971185e-05
100,MOP(TweedieRegressor),0.7500000000000031,0.0,0.7487498437255964,0.0,0.0047974179999073,0.0011364415887928,1.30078125,0.0,0.0014599940002881,0.0003882405017848,0.0015168902000368,0.0003660864343744
100,MOP(LassoLarsCV),1.0,0.0,0.9999937640193368,1.1102230246251563e-16,0.0138898432000132,0.0019253078330206,2.2666015625,0.0,0.0011381719998098,0.0001178409175579,0.0009288780000133,4.397004419961233e-05
100,MOP(TheilSenRegressor),1.0,0.0,0.9999937640192468,7.486792897243773e-14,3.417909078400044,0.0218042050846183,0.8525390625,0.0,0.0014067541998883,0.0001043050216819,0.0009307217998866,5.684265575329394e-05
100,MOP(LarsCV),1.0,0.0,0.9999937640193368,1.1102230246251563e-16,0.0153022693999446,0.0031405400223862,2.3291015625,0.0,0.001159146199825,6.619629916011597e-05,0.0010633743999278,0.0001016149397566
100,MOP(RandomForestRegressor),1.0,0.0,0.9999017484988304,0.0,1.1057909206001568,0.0057385170716529,5810.9197265625,35.47075047918897,0.0430037980002453,0.0012758289188955,0.033099792199755,0.0006429145993482
100,MOP(BaggingRegressor),1.0,0.0,0.9999017484988304,0.0,0.1285310194001795,0.0042791496527219,584.6541015625,14.269939197605892,0.0085131018000538,0.0008148447688188,0.0067314091998923,0.0006521189167325
100,MOP(KNeighborsRegressor),0.999995103510351,0.0,0.999980483850854,1.1102230246251563e-16,0.0088220317999002,0.0005505445774339,690.51953125,0.0,0.032062974600376,0.0005759430321814,0.0214659209997989,0.0007509949728588
100,MOP(RadiusNeighborsRegressor),0.9693972864862808,0.0,0.9688101812251556,0.0,0.0090700631999425,0.0003661628411251,690.544921875,0.0,0.8922160036001514,0.0178519804819096,0.5674091406001025,0.0222443027930583
100,MOP(HistGradientBoostingRegressor),0.9999999992759422,0.0,0.999901635866452,0.0,0.5153177691998281,0.0236337869816919,696.3095703125,0.0010697706201272,0.0474223913999594,0.0008294787262043,0.031600198399974,0.0008212550846878
100,MOP(ExtraTreesRegressor),1.0,0.0,0.9999916499676904,8.69933098739169e-07,0.435849555200366,0.0089549065110862,5721.5880859375,47.67092487219832,0.0568898691999493,0.011776397521125,0.0396947319999526,0.0032172280381162
100,MOP(AdaBoostRegressor),0.9843865310651708,2.929648071494101e-06,0.9844183005637298,2.8916520415812497e-05,0.0132960934004586,0.0018632145742057,5.6572265625,0.0,0.0023161140003139,0.0005429404682327,0.0018033219999779,0.0002177330955691
100,MOP(GradientBoostingRegressor),0.999997727007712,1.5331233016422098e-08,0.9998981277053784,1.2393906893643512e-07,0.6797855766000793,0.0048429405606149,261.09765625,0.3026625418809082,0.0092280412001855,0.0001524518557748,0.0062262617999294,0.0004351729261854
100,MOP(HuberRegressor),1.0,0.0,0.9999937640193372,0.0,0.0855357276001086,0.0035997962756294,20.4287109375,0.0,0.0012939679998453,0.0001686919287877,0.0009900257999106,0.00013686863209
100,MOP(PassiveAggressiveRegressor),0.9999999992146884,2.2615740709798283e-10,0.9999937323318946,5.900519494476628e-08,0.0072110756000256,0.0021051655926849,1.2109375,0.0,0.0011009601998011,8.497855747758406e-05,0.0009067462002349,7.470559464418957e-05
100,MOP(ARDRegression),1.0,0.0,0.9999937640193368,1.1102230246251563e-16,0.0033192398001119,0.0001511700465339,1.3642578125,0.0,0.0009259778000341,8.77914815855292e-05,0.0007895099997767,1.6835990852120632e-05
100,MOP(LassoLars),0.9999995259614828,1.1102230246251563e-16,0.99998986655233,0.0,0.0025823538002441,0.0007916146281512,1.1689453125,0.0,0.0009920340000462,0.0001745471575132,0.0008771239996349,0.0001189379536296
100,MOP(SGDRegressor),0.9999999899273336,5.954058187693213e-11,0.999993254085908,1.5605602001957696e-09,0.0153788495999833,0.0037123599223514,1.21875,0.0,0.0013926420000643,0.000119705896954,0.0010724378000304,4.3997378331122736e-05
100,MOP(LinearRegression),1.0,0.0,0.9999937640193368,1.1102230246251563e-16,0.002426419600124,0.0001872606224989,0.724609375,0.0,0.0010559542000919,3.737781246944196e-05,0.0010671562000425,0.0001642240851969
100,MOP(Lasso),0.9999995259614828,1.1102230246251563e-16,0.99998986655233,0.0,0.0023905219999505,0.0003770461873323,0.8955078125,0.0,0.001260442199964,0.0003483117108458,0.0012364700000034,0.0003816879908184
100,MOP(Ridge),0.9999999900019996,0.0,0.999993255929307,0.0,0.0022373820000211,0.0006680136683534,0.763671875,0.0,0.0010338458001569,0.0002197739304871,0.0009311941998021,0.0001218243768888
100,MultiTaskElasticNet,0.8887360260999877,0.0,0.8876230108767892,0.0,0.0010459338001965,0.000362886573573,0.58203125,0.0,0.00126548979988,0.0001059016364664,0.0009839319998718,7.558044232659967e-05
100,MultiTaskLasso,0.9999995259614828,1.1102230246251563e-16,0.99998986655233,0.0,0.0027750039998863,0.0038016447238652,0.5771484375,0.0,0.001290525800141,0.0001591972556855,0.0009869999998045,3.673342496626378e-05
100,MOP(ElasticNet),0.8887360260999861,1.1102230246251563e-16,0.8876230108767882,0.0,0.0020625699999072,0.0003579353949328,0.900390625,0.0,0.0009755102000781,0.0001319875388878,0.000884699999915,7.130047439083797e-05
100,MOP(BayesianRidge),1.0,0.0,0.9999937640193368,1.1102230246251563e-16,0.0026433415996507,0.0001446610240502,1.349609375,0.0,0.0008722757998839,2.614300401057528e-05,0.0008489499999996,0.0001388017269659
100,MOP(LassoLarsIC),1.0,0.0,0.9999937640193368,1.1102230246251563e-16,0.0041844336001304,0.0001260026749019,1.1259765625,0.0,0.0008892700001524,3.0150281643048223e-05,0.0008158262002325,2.212249405933279e-05
100,RandomForestRegressor,0.9999892452769276,3.881390497795778e-07,0.9999023111602842,4.057812951452237e-07,1.0587973612000496,0.0088016810552715,98786.76953125,42.03727884271293,0.1237787776000914,0.0021882137639811,0.0953498049997506,0.0043488122997517
100,MOP(ElasticNetCV),0.647974437664625,0.0,0.6467689120246359,0.0,0.1003733944004125,0.0031686656509815,10.5966796875,0.0,0.0010742561997176,3.514875054645612e-05,0.0008902539999326,2.132103985771893e-05
200,MOP(ExtraTreeRegressor),1.0,0.0,0.9998865722620174,6.857107056945597e-06,0.0164815698000893,0.001689145562188,127.05,3.6295418745001418,0.0041228297997804,0.0003555703961017,0.0016937960002906,7.07959676970136e-05
200,MOP(TheilSenRegressor),1.0,0.0,0.9999441609954202,1.5245110245039425e-13,13.208796563800025,0.2475538611708798,0.8525390625,0.0,0.0023882560000856,0.0007085209340622,0.0010509437999644,0.0002131194324951
200,MOP(Lars),1.0,0.0,0.9999441609955644,1.1102230246251563e-16,0.0032738720001361,0.0009112889147129,1.115234375,0.0,0.0018282640001416,0.0007587605614902,0.0010585798001557,0.0002106284112778
200,MOP(RANSACRegressor),1.0,0.0,0.9999441609955644,1.1102230246251563e-16,0.0132281136000528,0.0011054179828874,79.525390625,0.0,0.0021164020003197,0.0007772569304562,0.0012584376001541,0.0002878754805231
200,MOP(PoissonRegressor),0.9247405354965592,0.0,0.9258357350243892,0.0,0.0094382478000625,0.0015497109903962,1.150390625,0.0,0.0020636300001569,6.188741482246422e-05,0.0010714640002333,2.2832858625640213e-05
200,MOP(LinearSVR),1.0,0.0,0.9999441609955646,3.781283367737842e-16,0.013322161400174,0.0031676413890894,0.876953125,0.0,0.0017941899999641,0.0002126426177194,0.0010874940000576,0.0002762159444878
200,MOP(RadiusNeighborsRegressor),0.969385119833575,0.0,0.9675126260774004,0.0,0.0355474661999323,0.0009640963449649,2757.580078125,0.0,9.888835798200308,0.1073347088732643,1.7651547921999735,0.0164754881732281
200,MOP(SVR),0.9881869697394752,0.0,0.9872317986629496,0.0,140.16665802040006,0.6340854089368455,2172.671875,0.0,89.52327779120006,0.6907690018738694,14.414953887199951,0.1521455475677648
200,MOP(NuSVR),0.9879994982376684,0.0,0.9870871256408268,1.1102230246251563e-16,378.0261084130001,1.1405342012058872,1095.822265625,0.0,45.07459721199975,0.5048688680344808,7.159251818800112,0.0447838529511598
200,MOP(KNeighborsRegressor),0.9999993939848496,0.0,0.9999547243008264,1.1102230246251563e-16,0.0374691124001401,0.0038071694914953,2757.5546875,0.0,0.134671464999883,0.0069917860236667,0.0227933169999232,0.0006790646489661
200,MOP(ElasticNetCV),0.6494030781053177,0.0,0.6457861440004278,0.0,0.5954718707998836,0.0487772710238748,10.5966796875,0.0,0.0022890918002303,0.0002069701532749,0.0011685938001392,6.698977181351289e-05
200,MOP(HistGradientBoostingRegressor),0.999999999102284,9.754175539128576e-11,0.9999228857129748,7.354134677863115e-09,0.7154150717999073,0.0379552454720611,702.6064453125,0.0006176323555016,0.1758664715996928,0.0088471469946922,0.0337146933999974,0.0020376006046598
200,MOP(RandomForestRegressor),1.0,0.0,0.9999233090821688,1.1102230246251563e-16,4.795812809000017,0.0172771657776803,13116.6978515625,36.330246853985976,0.1409223179998662,0.0016485349010361,0.0386492554000142,0.0012424462905134
200,MOP(LassoLarsIC),1.0,0.0,0.9999441609955644,1.1102230246251563e-16,0.0112730013997861,0.0012623170754877,1.1259765625,0.0,0.0021477919999597,0.0005800306736708,0.0013350759998502,0.0003346511189999
200,MOP(DecisionTreeRegressor),1.0,0.0,0.9999233090821686,7.021666937153402e-17,0.0714445132000037,0.0013476901243458,212.536328125,5.164901832319758,0.0037322438001865,0.0005140850294855,0.0016313597998305,0.0005409492152563
200,MOP(LassoLarsCV),1.0,0.0,0.9999441609955644,1.1102230246251563e-16,0.0299428837999585,0.0017477890233964,2.2666015625,0.0,0.001500866400238,7.209859423531394e-05,0.0009634799998821,3.301993514700096e-05
200,MOP(LarsCV),1.0,0.0,0.9999441609955644,1.1102230246251563e-16,0.028029447800327,0.0015475323893019,2.3291015625,0.0,0.0014159402000586,0.0001502825087496,0.0009602758000255,0.0001348854626073
200,MOP(HuberRegressor),1.0,0.0,0.9999441609955646,0.0,0.635472203000063,0.1783764260950668,79.03125,0.0,0.002134967999882,6.537196573769765e-05,0.001292925999769,0.0003494756250423
200,MOP(ARDRegression),1.0,0.0,0.9999441609955644,1.1102230246251563e-16,0.0087444654000137,0.0029682394312965,1.3642578125,0.0,0.001792151799782,7.791347097851209e-05,0.0010738119997768,8.906669214664377e-05
200,MOP(ElasticNet),0.8887352595619038,0.0,0.8853881792034157,0.0,0.0068946115998187,0.0031511831730633,0.900390625,0.0,0.0023175960001026,0.000370581418589,0.0012017201997878,9.230654069840342e-05
200,MOP(Lasso),0.9999995211970374,0.0,0.999933438053813,0.0,0.0555198010000822,0.0988122523494204,0.8955078125,0.0,0.0028393940001478,0.0009955143237077,0.0014227918001779,0.0001794764360281
200,MOP(BayesianRidge),1.0,0.0,0.9999441609955644,1.1102230246251563e-16,0.008781901599832,0.001694729418261,1.349609375,0.0,0.0029848560001482,0.0008173061339927,0.0012705200002528,0.0001160835162647
200,MOP(PassiveAggressiveRegressor),0.9999999990720227,1.6487981608031802e-10,0.9999441844822788,2.249760460917391e-07,0.0348163281998495,0.0119382471127774,1.2109375,0.0,0.0022042979999241,0.0003229032775239,0.0010504060002858,5.4851468067031925e-05
200,MOP(LinearRegression),1.0,0.0,0.9999441609955644,1.1102230246251563e-16,0.0045019736002359,0.0001516571365093,0.724609375,0.0,0.0015942516001814,3.220179622601325e-05,0.0010648561998095,4.1752753131248015e-05
200,MultiTaskElasticNet,0.888735259561898,0.0,0.8853881792034171,0.0,0.0016468377998535,0.0001349597570657,0.58203125,0.0,0.0029330818000744,5.892256047835293e-05,0.0010051699999166,2.98600972700652e-05
200,MOP(SGDRegressor),0.9999999901172744,2.280355056793089e-10,0.9999426768735086,1.7335584649672477e-08,0.0547955972000636,0.0184453580445342,1.21875,0.0,0.0023387259998344,0.0002506221945763,0.0014548438000929,0.0005374330837824
200,MOP(Ridge),0.9999999993750311,0.0,0.9999437895536188,1.1102230246251563e-16,0.0036720195997986,0.0013008544612868,0.763671875,0.0,0.0018341318002057,0.0005612302792158,0.0010711761999118,0.0001766666348428
200,RandomForestRegressor,0.9999977165652892,8.117583448117168e-08,0.9999258924812914,7.389876744644214e-08,4.697096079800213,0.0521104457017025,395084.76953125,95.99046786986196,0.5147667750001347,0.0075509378829845,0.1818363127998964,0.0044016998563815
200,MultiTaskLasso,0.9999995211970374,0.0,0.999933438053813,0.0,0.0033509457998661,0.0031722678381431,0.5771484375,0.0,0.0032046678001279,0.000307521851902,0.0010900658000537,5.309506723235275e-05
200,MOP(TweedieRegressor),0.7500000000000056,0.0,0.7462497652176836,0.0,0.0062883739999961,0.0012884769213512,1.30078125,0.0,0.0015785039999173,0.0001301245689597,0.0010371677999501,0.0001392263696064
200,MOP(GradientBoostingRegressor),0.9999696214398852,1.1102230246251563e-16,0.9998928290210432,4.965068306494546e-17,2.8196276746000875,0.0247294147221081,261.21015625,0.2898311149537131,0.0333497577999878,0.0013381343095762,0.0064780939999764,0.0003298986833166
200,MOP(AdaBoostRegressor),0.984391021715878,4.063171461219024e-06,0.9844251881528738,5.129041454024621e-05,0.0662477390002095,0.0118595609872635,5.6572265625,0.0,0.0053957722000632,0.0013026176236554,0.0020520019998002,0.0002528604224513
200,MOP(ExtraTreesRegressor),1.0,0.0,0.9999441936207184,5.384894810527653e-07,1.4881344478002574,0.0077957057098119,12489.228125,66.93419354134258,0.1666323673998704,0.0030094873946536,0.0424475993997475,0.0008667872987979
200,MOP(BaggingRegressor),1.0,0.0,0.9999233090821688,1.1102230246251563e-16,0.4874311031999241,0.0012299976077221,1309.51796875,12.673465586224234,0.019640941599755,0.000588067469598,0.0068077220001214,0.0002621276908363
200,MOP(LassoLars),0.9999995211970374,0.0,0.999933438053813,0.0,0.0036553497999193,0.0004213411378206,1.1689453125,0.0,0.0018235957999422,0.0002333858682173,0.0012707319996479,0.0004179029823504
400,MOP(PassiveAggressiveRegressor),0.9999999990422924,1.716217996870721e-10,0.999900993522412,1.56685048593318e-07,0.133834222400219,0.0176023991849071,1.2109375,0.0,0.0037031898003988,0.0007407721380685,0.0009828739999647,7.427728361208238e-05
400,MOP(HuberRegressor),1.0,0.0,0.9999009814655582,0.0,1.773757377200127,0.1916323290911608,313.4189453125,0.0,0.003634250000141,5.260542293506056e-05,0.0011475659999632,8.08446671059128e-05
400,MOP(LinearSVR),1.0,0.0,0.9999009814655576,4.657646926676369e-16,0.0872151445999406,0.0058313978228897,0.876953125,0.0,0.0033440260000134,7.193456704777802e-05,0.0009358299999803,2.8873175752606377e-05
400,MOP(DecisionTreeRegressor),1.0,0.0,0.9998994981187306,1.1102230246251563e-16,0.3760920148000878,0.0078565964818635,664.589453125,10.153709297591693,0.0120840597999631,0.0011643746625803,0.0015459499998542,0.0001650483566899
400,MOP(ExtraTreeRegressor),1.0,0.0,0.9999009847090574,1.4608745377096865e-06,0.0646458390001498,0.0012627614074699,261.9462890625,9.225257237267154,0.0101050780001969,0.0005171920672484,0.0015150320001339,0.0002458519186322
400,MOP(PoissonRegressor),0.9251565451216364,0.0,0.926572660819476,1.1102230246251563e-16,0.0260426396002003,0.0052650876718728,1.150390625,0.0,0.004688153799907,0.0002276385807825,0.0010721062004449,8.257667728730701e-05
400,MOP(Lars),1.0,0.0,0.9999009814655582,0.0,0.0054028377997383,0.0010567414882651,1.115234375,0.0,0.0028749959999913,0.0003055269992592,0.0009749400001965,0.0001100942847928
400,MOP(RANSACRegressor),1.0,0.0,0.9999009814655582,0.0,0.0346072574002391,0.0025240784945478,313.9130859375,0.0,0.0035078479999356,0.0004929397668095,0.0010758102000181,0.0001420623514026
400,MOP(TheilSenRegressor),1.0,0.0,0.9999009814655552,3.5624148849822405e-15,58.60047446620028,2.109300908760905,0.8525390625,0.0,0.0048491359999388,0.0009698292934059,0.0010186217992668,9.78303370561278e-05
400,MOP(NuSVR),0.9983556170660478,1.1102230246251563e-16,0.9983250289487432,0.0,2047.6838744229997,6.613353333617063,3502.462890625,0.0,672.2091387181997,3.850453257542375,168.21185490439967,0.9610700914721456
400,MOP(ARDRegression),1.0,0.0,0.9999009814655582,0.0,0.0248612456000046,0.0088536330826908,1.3642578125,0.0,0.0039687620002951,0.0002744277651005,0.0011361919998307,8.655198252800974e-05
400,MOP(LassoLars),0.9999995187969926,0.0,0.9998868587122,0.0,0.0064887937998719,0.0010019263716325,1.1689453125,0.0,0.0037772098001369,0.0008174692637971,0.0011641540002528,6.849624238566696e-05
400,MOP(LassoLarsIC),1.0,0.0,0.9999009814655582,0.0,0.0287032075999377,0.0031698944827682,1.1259765625,0.0,0.0037329218001104,0.000966036010419,0.001124768000227,0.0001770211220019
400,MOP(ElasticNetCV),0.6501167684503095,0.0,0.6452939292345259,0.0,0.835150206400067,0.0710515504350569,10.5966796875,0.0,0.0042105540000193,0.0001399666974244,0.0011783821997596,5.008886501803773e-05
400,MOP(KNeighborsRegressor),0.999999924624529,1.1102230246251563e-16,0.9998994981187304,0.0,0.1625481615998069,0.0087159580277239,11025.5703125,0.0,0.5598535924000316,0.0068409415011277,0.0287321820000215,0.0018458653404222
400,MOP(RadiusNeighborsRegressor),,,,,,,,,,,,
400,MOP(BayesianRidge),1.0,0.0,0.9999009814655582,0.0,0.0169087196003602,0.0001723588119297,1.349609375,0.0,0.0034615400001712,0.0001032079264947,0.0011437642000601,7.587316751409999e-05
400,MultiTaskElasticNet,0.8887348748689894,0.0,0.8842667858293666,0.0,0.0200643595999281,0.025175708622391,0.58203125,0.0,0.0297391737998623,0.0211806317109212,0.0012940541999341,0.000239546935042
400,RandomForestRegressor,0.9999994858063348,9.495184482527771e-09,0.9999031778488344,5.5973855621083255e-08,21.45539937079975,0.089267643660793,1580234.046875,112.89516534987229,2.100856790599937,0.0323965502621345,0.324368835399946,0.0214212828708376
400,MOP(ElasticNet),0.8887348748689771,1.1102230246251563e-16,0.8842667858293678,1.1102230246251563e-16,0.0097179659998801,0.005445573105958,0.900390625,0.0,0.0043016876003093,0.0002855066247738,0.0012865837999925,0.0001821017026663
400,MOP(Lasso),0.9999995187969926,0.0,0.9998868587122,0.0,0.0089610580002045,0.0024609801698346,0.8955078125,0.0,0.0044207320001078,0.0006229545455847,0.0014205744002538,0.0005060206075867
400,MOP(Ridge),0.999999999960938,1.1102230246251563e-16,0.9999008582806996,0.0,0.0060352739999871,0.0009094896406376,0.763671875,0.0,0.0036169739998513,0.000912313707319,0.0011491720000776,0.0003793031684494
400,MOP(SGDRegressor),0.999999989993532,1.7311073452932578e-10,0.9998990011330352,1.7274794732093542e-08,0.206162045000201,0.0353750480237921,1.21875,0.0,0.0034360622001258,0.0002311673029578,0.0009397678002642,2.6298299555581896e-05
400,MultiTaskLasso,0.9999995187969926,0.0,0.9998868587122,0.0,0.0096816579996811,0.007898961710698,0.5771484375,0.0,0.068648131000009,0.0578533462798096,0.0012853722000727,0.0001139512970862
400,MOP(LinearRegression),1.0,0.0,0.9999009814655582,0.0,0.0140987040000254,0.0055925679077195,0.724609375,0.0,0.0033802660000219,0.0007192913432799,0.0010029281998868,9.979286824503992e-05
400,MOP(LarsCV),1.0,0.0,0.9999009814655582,0.0,0.1029137903999071,0.0067320656344826,2.3291015625,0.0,0.0035167359994375,0.0007517398329506,0.001005668000289,8.814753150502053e-05
400,MOP(LassoLarsCV),1.0,0.0,0.9999009814655582,0.0,0.0981729446000827,0.0058206136056392,2.2666015625,0.0,0.002908838199437,0.0002806183650386,0.0009300921996327,3.8267983193026734e-05
400,MOP(TweedieRegressor),0.7500000000000048,0.0,0.7449998425072818,0.0,0.0171835119996103,0.0025024908793629,1.30078125,0.0,0.0040946779998193,0.0010191234146896,0.001268147799783,0.0002780572093875
400,MOP(BaggingRegressor),1.0,0.0,0.9998994981187304,0.0,2.4095141842000887,0.0471810830920791,2928.4869140625,48.31410047478376,0.0773719349996099,0.0134063062057883,0.0074850980003247,0.0005175487576435
400,MOP(RandomForestRegressor),1.0,0.0,0.9998994981187304,0.0,23.3751162422006,0.2941417601955218,29330.7646484375,124.35642959666882,0.5878433916001086,0.0090520090097893,0.0436281038004381,0.0017162594405782
400,MOP(GradientBoostingRegressor),0.9999579444761094,0.0,0.9998503563264574,1.5166882662129171e-09,12.15985215239998,0.0683359621749332,264.247265625,0.2513410078878768,0.1159745348006254,0.0015529193922823,0.0063639756004704,0.0003489298664638
400,MOP(AdaBoostRegressor),0.9843799876748388,1.081098781148028e-06,0.984423923757134,1.425280998716506e-05,0.2483037484002125,0.0429947227280219,5.6572265625,0.0,0.0145690456000011,0.0017929700423819,0.0021271922003506,0.0004121873144005
400,MOP(ExtraTreesRegressor),1.0,0.0,0.9999009461280836,6.713349130648719e-08,6.128440532399691,0.0298595546415983,25951.38984375,44.88448650598835,0.6890379664000648,0.0220478197468765,0.0507972569997946,0.0027285759048102
400,MOP(HistGradientBoostingRegressor),0.9999863979711257,1.163825631075383e-09,0.9999239409185726,1.4101516809500202e-06,1.6258608035997897,0.2406171474423868,699.4767578125,5.183328312486055,0.7045576722008263,0.0582772837836854,0.0397210994004126,0.0075763558390342
400,MOP(SVR),0.998530300308581,0.0,0.998503238242522,0.0,1640.525421391401,23.098428510217783,6901.984375,0.0,1317.0508888390002,10.418765165789862,329.4803989145985,2.6733732146973685
